-- phpMyAdmin SQL Dump
-- version 5.2.0
-- https://www.phpmyadmin.net/
--
-- Host: 127.0.0.1
-- Generation Time: Jan 17, 2024 at 10:25 AM
-- Server version: 10.4.27-MariaDB
-- PHP Version: 8.0.25

SET SQL_MODE = "NO_AUTO_VALUE_ON_ZERO";
START TRANSACTION;
SET time_zone = "+00:00";


/*!40101 SET @OLD_CHARACTER_SET_CLIENT=@@CHARACTER_SET_CLIENT */;
/*!40101 SET @OLD_CHARACTER_SET_RESULTS=@@CHARACTER_SET_RESULTS */;
/*!40101 SET @OLD_COLLATION_CONNECTION=@@COLLATION_CONNECTION */;
/*!40101 SET NAMES utf8mb4 */;

--
-- Database: `anjing_db`
--

-- --------------------------------------------------------

--
-- Table structure for table `admin`
--

CREATE TABLE `admin` (
  `username` varchar(20) NOT NULL,
  `password` varchar(32) NOT NULL,
  `nama_lengkap` varchar(30) NOT NULL
) ENGINE=MyISAM DEFAULT CHARSET=latin1 COLLATE=latin1_swedish_ci ROW_FORMAT=DYNAMIC;

--
-- Dumping data for table `admin`
--

INSERT INTO `admin` (`username`, `password`, `nama_lengkap`) VALUES
('admin', '21232f297a57a5a743894a0e4a801fc3', 'Administrator'),
('vincent', '6da89cd09ab7937478a1d47d20938536', 'Vincent Wijaya');

-- --------------------------------------------------------

--
-- Table structure for table `basis_pengetahuan`
--

CREATE TABLE `basis_pengetahuan` (
  `kode_pengetahuan` int(11) NOT NULL,
  `kode_penyakit` int(11) NOT NULL,
  `kode_gejala` int(11) NOT NULL,
  `mb` double(11,1) NOT NULL,
  `md` double(11,1) NOT NULL
) ENGINE=MyISAM DEFAULT CHARSET=latin1 COLLATE=latin1_swedish_ci ROW_FORMAT=FIXED;

--
-- Dumping data for table `basis_pengetahuan`
--

INSERT INTO `basis_pengetahuan` (`kode_pengetahuan`, `kode_penyakit`, `kode_gejala`, `mb`, `md`) VALUES
(2, 1, 2, 0.8, 0.2),
(1, 1, 1, 1.0, 0.0),
(3, 1, 3, 1.0, 0.2),
(4, 1, 4, 1.0, 0.2),
(5, 2, 1, 0.8, 0.2),
(6, 2, 5, 1.0, 0.0),
(7, 2, 6, 1.0, 0.2),
(8, 2, 7, 1.0, 0.2),
(9, 2, 8, 0.8, 0.2),
(10, 2, 9, 1.0, 0.2),
(11, 3, 11, 0.8, 0.2),
(12, 3, 10, 0.8, 0.2),
(13, 3, 12, 0.8, 0.2),
(14, 3, 13, 1.0, 0.0),
(15, 3, 14, 0.8, 0.2),
(16, 4, 15, 1.0, 0.2),
(17, 4, 16, 0.8, 0.2),
(18, 4, 17, 1.0, 0.0),
(19, 5, 18, 1.0, 0.0),
(20, 5, 19, 0.8, 0.2),
(21, 5, 20, 1.0, 0.2),
(22, 6, 2, 0.6, 0.4),
(23, 6, 22, 1.0, 0.2),
(24, 6, 23, 0.8, 0.2),
(25, 6, 24, 1.0, 0.2),
(26, 7, 25, 1.0, 0.0),
(27, 7, 26, 1.0, 0.2),
(28, 7, 27, 0.6, 0.2),
(29, 8, 11, 1.0, 0.0),
(30, 8, 21, 0.8, 0.4),
(31, 8, 28, 0.8, 0.2),
(32, 9, 29, 1.0, 0.2),
(33, 9, 30, 1.0, 0.2),
(34, 10, 2, 0.8, 0.2),
(35, 10, 21, 0.8, 0.4),
(36, 10, 31, 0.8, 0.2),
(37, 10, 32, 1.0, 0.2),
(38, 10, 33, 1.0, 0.2),
(39, 11, 2, 1.0, 0.2),
(40, 11, 34, 0.8, 0.2),
(41, 11, 35, 0.8, 0.2);

-- --------------------------------------------------------

--
-- Table structure for table `gejala`
--

CREATE TABLE `gejala` (
  `kode_gejala` int(11) NOT NULL,
  `nama_gejala` varchar(500) NOT NULL,
  `pertanyaan` varchar(500) NOT NULL
) ENGINE=MyISAM DEFAULT CHARSET=latin1 COLLATE=latin1_swedish_ci ROW_FORMAT=DYNAMIC;

--
-- Dumping data for table `gejala`
--

INSERT INTO `gejala` (`kode_gejala`, `nama_gejala`, `pertanyaan`) VALUES
(1, 'Menggaruk badan berlebihan', 'Apakah anjing anda menggaruk badan secara berlebihan?'),
(2, 'Bulu Rontok', 'Apakah anjing anda mengalami bulu rontok?'),
(3, 'Kulit terlihat kering', 'Apakah kulit anjing anda terlihat kering?'),
(4, 'Kulit Anjing memerah bersisik seperti iritasi yang membuat bentuk lingkaran.', 'Apakah kulit anjing anda memerah bersisik seperti iritasi yang berbentuk lingkaran?'),
(5, 'Terdapat luka yang akan membentuk kerak tebal yang berwarna abu - abu yang muncul pada area tertentu, seperti kepala, atau punggung anjing', 'Apakah kulit anjing anda terdapat luka berbentuk kerak tebal berwarna abu - abu yang muncul pada area seperti kepala atau punggung anjing?'),
(30, 'Luka pada bibir', 'Apakah terdapat luka pada bibir?'),
(6, 'Kerontokan bulu berbentuk lingkaran', 'Apakah kerontokan bulu berbentuk lingkaran?'),
(7, 'Kulit mengelupas', 'Apakah kulit anjing mengelupas?'),
(8, 'Pinggir telinga ada kerak berwarna putih', 'Apakah pinggir telinga anjing ada kerak berwarna putih?'),
(9, 'Adanya benjolan yang bentuknya cekung di tubuh Anjing', 'Apakah terdapat benjolan cekung di tubuh anjing?'),
(10, 'Dehidrasi', 'Apakah anjing anda mengalami dehidrasi?'),
(11, 'Nafsu makan berkurang', 'Apakah nafsu makan anjing anda berkurang?'),
(12, 'Kulit ruam - ruam (bentol - bentol)', 'Apakah kulit anjing anda mengalami ruam - ruam atau bentol - bentol?'),
(13, 'Anjing menggaruk bagian diantara kepala dan leher', 'Apakah anjing anda menggaruk antara leher dan kepala?'),
(14, 'Kulit disekitar leher memerah', 'Apakah kulit disekitar leher memerah?'),
(15, 'Bulu pada ekor Anjing tipis dan rontok', 'Apakah bulu pada ekor anjing tipis dan rontok?'),
(16, 'Ekor Anjing berminyak dan berbau', 'Apakah ekor anjing berminyak dan berbau?'),
(17, 'Keluar cairan kecoklatan dari ekor Anjing', 'Apakah keluar cairan kecoklatan dari ekor anjing?'),
(18, 'Terdapat kutu yang menyerupai debu pada bulu Anjing', 'Apakah terdapat kutu yang menyerupai debu pada bulu anjing?'),
(19, 'Bulu Anjing berwarna pucat', 'Apakah bulu anjing berwarna pucat?'),
(20, 'Bulu pada bagian ekor Anjing dekat kemaluan botak atau menipis', 'Apakah bulu bagian ekor anjing dekat kemaluan botak atau menipis?'),
(21, 'Demam', 'Apakah anjing anda demam?'),
(22, 'Terdapat bintik merah pada kulit Anjing area dagu', 'Apakah terdapat bintik merah pada kulit anjing area dagu?'),
(23, 'Terdapat lobang benjolan bekas bintik jerawat', 'Apakah terdapat lobang benjolan bekas bintik jerawat?'),
(24, 'Adanya bintik hitam', 'Apakah terdapat bintik hitam?'),
(25, 'Kulit sekitar telinga Anjing berlobang, berjamur dan berkerak', 'Apakah kulit sekitar telinga kuinng berlobang, berjamur, dan berkerak?'),
(26, 'Mengeluarkan nanah', 'Apakah mengeluarkan nanah?'),
(27, 'Menggaruk bagian belakang telinga', 'Apakah anjing menggaruk di bagian belakang telinga?'),
(28, 'Benjolan seperti bisul yang membengkak di area kepala, kaki depan, ekor atau pinggang', 'Apakah terdapat benjolan seperti bisul yang membengkan di area kepala, kaki depan, ekor, atau pinggang?'),
(29, 'Benjolan di kulit', 'Apakah terdapat benjolan di kulit?'),
(31, 'Kulit berminyak', 'Apakah kulit berminyak?'),
(32, 'Menggaruk di bagian kepala', 'Apakah anjing menggaruk di bagian kepala?'),
(33, 'Jamur dikulit', 'Apakah terdapat jamur dikulit?'),
(34, 'Telinga Berkerak', 'Apakah telinga anjing berkerak?'),
(35, 'Lapisan kulit putih di bulu', 'Apakah terdapat lapisan kulit putih di bulu?');

-- --------------------------------------------------------

--
-- Table structure for table `hasil`
--

CREATE TABLE `hasil` (
  `id_hasil` int(11) NOT NULL,
  `tanggal` varchar(50) NOT NULL DEFAULT '0',
  `penyakit` text NOT NULL,
  `gejala` text NOT NULL,
  `hasil_id` int(11) NOT NULL,
  `hasil_nilai` varchar(16) NOT NULL
) ENGINE=MyISAM DEFAULT CHARSET=latin1 COLLATE=latin1_swedish_ci ROW_FORMAT=DYNAMIC;

--
-- Dumping data for table `hasil`
--

INSERT INTO `hasil` (`id_hasil`, `tanggal`, `penyakit`, `gejala`, `hasil_id`, `hasil_nilai`) VALUES
(1, '2023-07-07 19:17:18', 'a:6:{i:4;s:6:\"0.8480\";i:10;s:6:\"0.8480\";i:1;s:6:\"0.6960\";i:2;s:6:\"0.3600\";i:11;s:6:\"0.3200\";i:6;s:6:\"0.0800\";}', 'a:6:{i:1;s:1:\"3\";i:2;s:1:\"4\";i:16;s:1:\"4\";i:17;s:1:\"2\";i:20;s:1:\"5\";i:32;s:1:\"1\";}', 4, '0.8480'),
(2, '2023-07-07 19:17:18', 'a:6:{i:2;s:6:\"0.8000\";i:9;s:6:\"0.6400\";i:3;s:6:\"0.6000\";i:10;s:6:\"0.4224\";i:8;s:6:\"0.2400\";i:11;s:6:\"0.2400\";}', 'a:6:{i:7;s:1:\"1\";i:10;s:1:\"1\";i:21;s:1:\"3\";i:30;s:1:\"2\";i:31;s:1:\"4\";i:34;s:1:\"4\";}', 2, '0.8000'),
(3, '2023-07-07 19:17:18', 'a:6:{i:8;s:6:\"0.8000\";i:10;s:6:\"0.6672\";i:2;s:6:\"0.6400\";i:1;s:6:\"0.4800\";i:3;s:6:\"0.4800\";i:7;s:6:\"0.2400\";}', 'a:8:{i:4;s:1:\"3\";i:7;s:1:\"2\";i:11;s:1:\"2\";i:15;s:1:\"8\";i:24;s:1:\"6\";i:27;s:1:\"3\";i:31;s:1:\"3\";i:32;s:1:\"3\";}', 8, '0.8000'),
(4, '2023-07-07 19:17:18', 'a:7:{i:1;s:6:\"1.0000\";i:10;s:6:\"0.9392\";i:5;s:6:\"0.9200\";i:7;s:6:\"0.8000\";i:2;s:6:\"0.7280\";i:11;s:6:\"0.7280\";i:6;s:6:\"0.0800\";}', 'a:9:{i:1;s:1:\"1\";i:2;s:1:\"4\";i:6;s:1:\"4\";i:19;s:1:\"1\";i:20;s:1:\"1\";i:26;s:1:\"1\";i:31;s:1:\"1\";i:32;s:1:\"1\";i:35;s:1:\"1\";}', 1, '1.0000'),
(5, '2023-07-07 19:17:18', 'a:4:{i:6;s:6:\"0.5648\";i:9;s:6:\"0.4800\";i:3;s:6:\"0.2800\";i:10;s:6:\"0.2400\";}', 'a:6:{i:10;s:1:\"2\";i:13;s:1:\"5\";i:23;s:1:\"3\";i:24;s:1:\"4\";i:29;s:1:\"3\";i:31;s:1:\"4\";}', 6, '0.5648'),
(6, '2023-07-07 19:17:18', 'a:4:{i:3;s:6:\"0.7440\";i:10;s:6:\"0.5376\";i:8;s:6:\"0.3200\";i:11;s:6:\"0.2400\";}', 'a:5:{i:10;s:1:\"1\";i:14;s:1:\"3\";i:21;s:1:\"2\";i:33;s:1:\"4\";i:34;s:1:\"4\";}', 3, '0.7440'),
(7, '2023-07-07 19:17:18', 'a:4:{i:11;s:6:\"0.6400\";i:10;s:6:\"0.4800\";i:2;s:6:\"0.2784\";i:6;s:6:\"0.1600\";}', 'a:7:{i:1;s:1:\"5\";i:2;s:1:\"2\";i:3;s:1:\"6\";i:4;s:1:\"4\";i:5;s:1:\"1\";i:6;s:1:\"4\";i:9;s:1:\"8\";}', 11, '0.6400'),
(8, '2023-07-07 19:17:18', 'a:3:{i:11;s:6:\"0.3200\";i:10;s:6:\"0.2400\";i:6;s:6:\"0.0800\";}', 'a:3:{i:1;s:1:\"8\";i:2;s:1:\"4\";i:3;s:1:\"1\";}', 11, '0.3200'),
(9, '2023-07-10 12:52:37', 'a:3:{i:1;s:6:\"0.9200\";i:2;s:6:\"0.7670\";i:11;s:6:\"0.2400\";}', 'a:8:{i:1;s:1:\"3\";i:4;s:1:\"1\";i:5;s:1:\"2\";i:6;s:1:\"6\";i:8;s:1:\"2\";i:11;s:1:\"7\";i:33;s:1:\"6\";i:34;s:1:\"4\";}', 1, '0.9200'),
(10, '2023-07-10 12:52:37', 'a:7:{i:9;s:6:\"0.6464\";i:4;s:6:\"0.6000\";i:1;s:6:\"0.4800\";i:7;s:6:\"0.3200\";i:10;s:6:\"0.3200\";i:3;s:6:\"0.2400\";i:11;s:6:\"0.2400\";}', 'a:8:{i:4;s:1:\"3\";i:14;s:1:\"4\";i:17;s:1:\"3\";i:27;s:1:\"2\";i:29;s:1:\"3\";i:30;s:1:\"4\";i:33;s:1:\"4\";i:35;s:1:\"4\";}', 9, '0.6464'),
(11, '2023-07-10 12:52:37', 'a:6:{i:6;s:6:\"0.6400\";i:1;s:6:\"0.4800\";i:2;s:6:\"0.4800\";i:4;s:6:\"0.4800\";i:8;s:6:\"0.4000\";i:10;s:6:\"0.4000\";}', 'a:5:{i:4;s:1:\"3\";i:6;s:1:\"3\";i:16;s:1:\"2\";i:21;s:1:\"1\";i:22;s:1:\"2\";}', 6, '0.6400'),
(12, '2023-07-10 12:52:37', 'a:5:{i:2;s:6:\"0.6400\";i:6;s:6:\"0.6400\";i:3;s:6:\"0.3600\";i:8;s:6:\"0.3200\";i:10;s:6:\"0.3200\";}', 'a:4:{i:7;s:1:\"2\";i:14;s:1:\"3\";i:21;s:1:\"2\";i:24;s:1:\"2\";}', 2, '0.6400'),
(13, '2023-07-10 12:52:37', 'a:5:{i:9;s:6:\"0.8000\";i:5;s:6:\"0.6000\";i:6;s:6:\"0.4800\";i:7;s:6:\"0.4800\";i:2;s:6:\"0.3600\";}', 'a:5:{i:8;s:1:\"3\";i:19;s:1:\"1\";i:24;s:1:\"3\";i:26;s:1:\"3\";i:29;s:1:\"1\";}', 9, '0.8000'),
(14, '2023-07-10 12:52:37', 'a:2:{i:2;s:6:\"0.8400\";i:4;s:6:\"0.6000\";}', 'a:4:{i:5;s:1:\"1\";i:8;s:1:\"1\";i:9;s:1:\"5\";i:17;s:1:\"3\";}', 2, '0.8400'),
(15, '2023-07-10 12:52:37', 'a:4:{i:7;s:6:\"0.8000\";i:10;s:6:\"0.8000\";i:6;s:6:\"0.6400\";i:8;s:6:\"0.3600\";}', 'a:4:{i:24;s:1:\"2\";i:26;s:1:\"1\";i:28;s:1:\"3\";i:33;s:1:\"1\";}', 7, '0.8000'),
(16, '2023-07-10 12:52:37', 'a:3:{i:4;s:6:\"0.8000\";i:3;s:6:\"0.7440\";i:2;s:6:\"0.6400\";}', 'a:4:{i:7;s:1:\"2\";i:12;s:1:\"1\";i:14;s:1:\"3\";i:17;s:1:\"2\";}', 4, '0.8000'),
(17, '2023-07-10 12:52:37', 'a:3:{i:5;s:6:\"0.8000\";i:10;s:6:\"0.6400\";i:8;s:6:\"0.4800\";}', 'a:3:{i:18;s:1:\"2\";i:28;s:1:\"2\";i:33;s:1:\"2\";}', 5, '0.8000'),
(18, '2023-07-10 12:52:37', 'a:2:{i:1;s:6:\"1.0000\";i:2;s:6:\"0.6000\";}', 'a:1:{i:1;s:1:\"1\";}', 1, '1.0000'),
(19, '2023-07-10 12:52:37', 'a:4:{i:11;s:6:\"0.8000\";i:1;s:6:\"0.6000\";i:10;s:6:\"0.6000\";i:6;s:6:\"0.2000\";}', 'a:1:{i:2;s:1:\"1\";}', 11, '0.8000'),
(20, '2023-07-10 12:52:37', 'a:1:{i:1;s:6:\"0.8000\";}', 'a:1:{i:3;s:1:\"1\";}', 1, '0.8000'),
(21, '2023-07-10 12:52:37', 'a:5:{i:1;s:6:\"0.9744\";i:2;s:6:\"0.4800\";i:11;s:6:\"0.4800\";i:10;s:6:\"0.3600\";i:6;s:6:\"0.1200\";}', 'a:3:{i:1;s:1:\"2\";i:2;s:1:\"3\";i:3;s:1:\"1\";}', 1, '0.9744'),
(22, '2023-07-10 12:52:37', 'a:5:{i:1;s:6:\"0.9744\";i:2;s:6:\"0.4800\";i:11;s:6:\"0.4800\";i:10;s:6:\"0.3600\";i:6;s:6:\"0.1200\";}', 'a:3:{i:1;s:1:\"2\";i:2;s:1:\"3\";i:3;s:1:\"1\";}', 1, '0.9744'),
(23, '2023-07-10 12:52:37', 'a:2:{i:2;s:6:\"1.0000\";i:1;s:6:\"0.6400\";}', 'a:4:{i:4;s:1:\"2\";i:5;s:1:\"1\";i:6;s:1:\"3\";i:7;s:1:\"1\";}', 2, '1.0000'),
(24, '2023-07-10 12:52:37', 'a:2:{i:2;s:6:\"1.0000\";i:1;s:6:\"0.6400\";}', 'a:4:{i:4;s:1:\"2\";i:5;s:1:\"1\";i:6;s:1:\"2\";i:7;s:1:\"4\";}', 2, '1.0000'),
(25, '2023-07-10 12:52:37', 'a:1:{i:3;s:6:\"0.4800\";}', 'a:1:{i:10;s:1:\"2\";}', 3, '0.4800'),
(26, '2023-07-10 12:52:37', 'a:4:{i:8;s:6:\"0.6000\";i:4;s:6:\"0.4800\";i:2;s:6:\"0.3600\";i:3;s:6:\"0.3600\";}', 'a:3:{i:8;s:1:\"3\";i:11;s:1:\"3\";i:16;s:1:\"2\";}', 8, '0.6000'),
(27, '2023-07-10 12:52:37', 'a:5:{i:9;s:6:\"0.9280\";i:2;s:6:\"0.7696\";i:10;s:6:\"0.4800\";i:11;s:6:\"0.4800\";i:7;s:6:\"0.3200\";}', 'a:7:{i:6;s:1:\"2\";i:8;s:1:\"3\";i:27;s:1:\"2\";i:29;s:1:\"1\";i:30;s:1:\"2\";i:33;s:1:\"3\";i:35;s:1:\"2\";}', 9, '0.9280'),
(28, '2023-07-10 12:52:37', 'a:6:{i:2;s:6:\"0.9280\";i:1;s:6:\"0.7264\";i:3;s:6:\"0.3600\";i:11;s:6:\"0.3200\";i:10;s:6:\"0.2400\";i:6;s:6:\"0.0800\";}', 'a:5:{i:2;s:1:\"4\";i:4;s:1:\"2\";i:7;s:1:\"1\";i:9;s:1:\"2\";i:12;s:1:\"3\";}', 2, '0.9280'),
(29, '2023-07-10 12:52:37', 'a:6:{i:2;s:6:\"0.7296\";i:3;s:6:\"0.6672\";i:6;s:6:\"0.4800\";i:5;s:6:\"0.4000\";i:9;s:6:\"0.3200\";i:8;s:6:\"0.2400\";}', 'a:9:{i:7;s:1:\"3\";i:9;s:1:\"3\";i:10;s:1:\"2\";i:12;s:1:\"3\";i:16;s:1:\"5\";i:18;s:1:\"4\";i:22;s:1:\"3\";i:28;s:1:\"4\";i:30;s:1:\"4\";}', 2, '0.7296'),
(30, '2023-07-10 12:52:37', 'a:8:{i:2;s:6:\"0.8378\";i:4;s:6:\"0.6960\";i:3;s:6:\"0.6672\";i:6;s:6:\"0.6400\";i:9;s:6:\"0.6400\";i:5;s:6:\"0.4000\";i:8;s:6:\"0.3600\";i:7;s:6:\"0.1600\";}', 'a:12:{i:5;s:1:\"4\";i:7;s:1:\"3\";i:9;s:1:\"3\";i:10;s:1:\"2\";i:12;s:1:\"3\";i:16;s:1:\"4\";i:17;s:1:\"3\";i:18;s:1:\"4\";i:22;s:1:\"2\";i:27;s:1:\"4\";i:28;s:1:\"3\";i:30;s:1:\"2\";}', 2, '0.8378'),
(31, '2023-07-10 12:52:37', 'a:10:{i:1;s:6:\"1.0000\";i:2;s:6:\"0.9351\";i:10;s:6:\"0.7729\";i:4;s:6:\"0.6960\";i:5;s:6:\"0.6899\";i:3;s:6:\"0.6672\";i:9;s:6:\"0.6400\";i:8;s:6:\"0.4624\";i:6;s:6:\"0.3200\";i:7;s:6:\"0.1600\";}', 'a:18:{i:1;s:1:\"1\";i:5;s:1:\"4\";i:7;s:1:\"3\";i:9;s:1:\"3\";i:10;s:1:\"2\";i:12;s:1:\"3\";i:16;s:1:\"4\";i:17;s:1:\"3\";i:18;s:1:\"4\";i:19;s:1:\"4\";i:20;s:1:\"4\";i:21;s:1:\"4\";i:22;s:1:\"4\";i:27;s:1:\"4\";i:28;s:1:\"3\";i:30;s:1:\"2\";i:31;s:1:\"2\";i:33;s:1:\"3\";}', 1, '1.0000'),
(32, '2023-07-10 12:52:37', 'a:7:{i:1;s:6:\"0.7878\";i:10;s:6:\"0.6464\";i:11;s:6:\"0.6400\";i:3;s:6:\"0.6000\";i:8;s:6:\"0.3200\";i:2;s:6:\"0.2400\";i:6;s:6:\"0.1600\";}', 'a:5:{i:1;s:1:\"4\";i:2;s:1:\"2\";i:3;s:1:\"4\";i:13;s:1:\"3\";i:21;s:1:\"2\";}', 1, '0.7878'),
(33, '2023-07-10 12:52:37', 'a:10:{i:10;s:6:\"0.8428\";i:4;s:6:\"0.8000\";i:1;s:6:\"0.7878\";i:3;s:6:\"0.7440\";i:8;s:6:\"0.6640\";i:11;s:6:\"0.6400\";i:2;s:6:\"0.6048\";i:9;s:6:\"0.4800\";i:6;s:6:\"0.4288\";i:7;s:6:\"0.3200\";}', 'a:12:{i:1;s:1:\"4\";i:2;s:1:\"2\";i:3;s:1:\"4\";i:6;s:1:\"3\";i:11;s:1:\"3\";i:13;s:1:\"3\";i:17;s:1:\"2\";i:21;s:1:\"4\";i:24;s:1:\"4\";i:26;s:1:\"4\";i:30;s:1:\"3\";i:32;s:1:\"2\";}', 10, '0.8428'),
(34, '2023-07-10 12:52:37', 'a:9:{i:3;s:6:\"0.8000\";i:7;s:6:\"0.8000\";i:2;s:6:\"0.6672\";i:5;s:6:\"0.3600\";i:11;s:6:\"0.3200\";i:1;s:6:\"0.2400\";i:8;s:6:\"0.2400\";i:10;s:6:\"0.2400\";i:6;s:6:\"0.0800\";}', 'a:7:{i:2;s:1:\"4\";i:7;s:1:\"3\";i:8;s:1:\"3\";i:13;s:1:\"2\";i:19;s:1:\"3\";i:25;s:1:\"2\";i:28;s:1:\"4\";}', 3, '0.8000'),
(35, '2023-07-10 12:52:37', 'a:7:{i:10;s:6:\"0.6400\";i:8;s:6:\"0.4800\";i:3;s:6:\"0.4000\";i:4;s:6:\"0.4000\";i:1;s:6:\"0.3200\";i:2;s:6:\"0.2400\";i:6;s:6:\"0.2400\";}', 'a:7:{i:3;s:1:\"4\";i:8;s:1:\"4\";i:13;s:1:\"4\";i:17;s:1:\"4\";i:23;s:1:\"4\";i:28;s:1:\"2\";i:32;s:1:\"2\";}', 10, '0.6400'),
(36, '2023-07-10 12:52:37', 'a:6:{i:8;s:6:\"0.8000\";i:3;s:6:\"0.7920\";i:6;s:6:\"0.6400\";i:1;s:6:\"0.4800\";i:2;s:6:\"0.4800\";i:5;s:6:\"0.4800\";}', 'a:6:{i:3;s:1:\"3\";i:8;s:1:\"2\";i:10;s:1:\"1\";i:11;s:1:\"2\";i:19;s:1:\"2\";i:22;s:1:\"2\";}', 8, '0.8000'),
(37, '2023-07-10 12:52:37', 'a:3:{i:6;s:6:\"0.8560\";i:5;s:6:\"0.4000\";i:2;s:6:\"0.2400\";}', 'a:4:{i:8;s:1:\"4\";i:18;s:1:\"4\";i:23;s:1:\"1\";i:24;s:1:\"2\";}', 6, '0.8560'),
(38, '2023-07-10 12:52:37', 'a:5:{i:2;s:6:\"0.8000\";i:5;s:6:\"0.5648\";i:9;s:6:\"0.5376\";i:10;s:6:\"0.4800\";i:8;s:6:\"0.2400\";}', 'a:7:{i:7;s:1:\"1\";i:19;s:1:\"3\";i:20;s:1:\"4\";i:28;s:1:\"4\";i:29;s:1:\"4\";i:30;s:1:\"4\";i:31;s:1:\"2\";}', 2, '0.8000'),
(39, '2023-07-10 12:52:37', 'a:7:{i:4;s:6:\"0.6400\";i:5;s:6:\"0.6400\";i:9;s:6:\"0.6400\";i:11;s:6:\"0.4800\";i:7;s:6:\"0.4000\";i:8;s:6:\"0.4000\";i:3;s:6:\"0.2400\";}', 'a:6:{i:11;s:1:\"4\";i:15;s:1:\"2\";i:20;s:1:\"2\";i:25;s:1:\"4\";i:30;s:1:\"2\";i:34;s:1:\"2\";}', 4, '0.6400'),
(40, '2023-07-10 12:52:37', 'a:2:{i:1;s:6:\"0.4800\";i:3;s:6:\"0.3600\";}', 'a:4:{i:3;s:1:\"3\";i:5;s:1:\"7\";i:9;s:1:\"8\";i:14;s:1:\"3\";}', 1, '0.4800'),
(41, '2023-07-10 12:52:37', 'a:0:{}', 'a:1:{i:1;s:1:\"9\";}', 0, ''),
(42, '2023-07-10 12:52:37', 'a:4:{i:4;s:6:\"0.7840\";i:2;s:6:\"0.6000\";i:8;s:6:\"0.4000\";i:10;s:6:\"0.4000\";}', 'a:4:{i:5;s:1:\"3\";i:15;s:1:\"2\";i:17;s:1:\"4\";i:21;s:1:\"1\";}', 4, '0.7840'),
(43, '2023-07-10 12:52:37', 'a:7:{i:6;s:6:\"0.8000\";i:1;s:6:\"0.6464\";i:5;s:6:\"0.6000\";i:2;s:6:\"0.5920\";i:3;s:6:\"0.4800\";i:4;s:6:\"0.3600\";i:9;s:6:\"0.3200\";}', 'a:9:{i:3;s:1:\"4\";i:4;s:1:\"3\";i:5;s:1:\"4\";i:9;s:1:\"4\";i:10;s:1:\"2\";i:16;s:1:\"3\";i:18;s:1:\"3\";i:24;s:1:\"1\";i:29;s:1:\"4\";}', 6, '0.8000'),
(44, '2023-07-10 12:52:37', 'a:4:{i:4;s:6:\"0.8560\";i:1;s:6:\"0.4000\";i:5;s:6:\"0.3600\";i:2;s:6:\"0.2400\";}', 'a:4:{i:1;s:1:\"4\";i:15;s:1:\"2\";i:17;s:1:\"3\";i:19;s:1:\"3\";}', 4, '0.8560'),
(45, '2023-07-10 12:52:37', 'a:5:{i:11;s:6:\"0.6672\";i:3;s:6:\"0.6000\";i:6;s:6:\"0.4800\";i:2;s:6:\"0.3600\";i:7;s:6:\"0.1600\";}', 'a:6:{i:8;s:1:\"3\";i:13;s:1:\"3\";i:23;s:1:\"2\";i:27;s:1:\"4\";i:34;s:1:\"3\";i:35;s:1:\"2\";}', 11, '0.6672'),
(46, '2023-07-10 12:52:37', 'a:7:{i:1;s:6:\"0.6400\";i:9;s:6:\"0.6400\";i:2;s:6:\"0.6000\";i:4;s:6:\"0.4800\";i:6;s:6:\"0.4800\";i:10;s:6:\"0.4800\";i:3;s:6:\"0.2400\";}', 'a:7:{i:4;s:1:\"2\";i:5;s:1:\"3\";i:14;s:1:\"4\";i:15;s:1:\"3\";i:23;s:1:\"2\";i:29;s:1:\"2\";i:32;s:1:\"3\";}', 1, '0.6400'),
(47, '2023-07-10 12:52:37', 'a:2:{i:2;s:6:\"0.7920\";i:3;s:6:\"0.6000\";}', 'a:3:{i:5;s:1:\"3\";i:8;s:1:\"2\";i:10;s:1:\"1\";}', 2, '0.7920'),
(48, '2023-07-10 12:52:37', 'a:3:{i:4;s:6:\"0.8000\";i:6;s:6:\"0.6400\";i:5;s:6:\"0.4000\";}', 'a:3:{i:17;s:1:\"2\";i:18;s:1:\"4\";i:24;s:1:\"2\";}', 4, '0.8000'),
(49, '2023-07-10 12:52:37', 'a:3:{i:4;s:6:\"0.8000\";i:2;s:6:\"0.6464\";i:3;s:6:\"0.4800\";}', 'a:4:{i:6;s:1:\"3\";i:7;s:1:\"4\";i:10;s:1:\"2\";i:17;s:1:\"2\";}', 4, '0.8000'),
(50, '2023-07-10 12:52:37', 'a:5:{i:11;s:6:\"0.7696\";i:1;s:6:\"0.4800\";i:10;s:6:\"0.4800\";i:5;s:6:\"0.3600\";i:6;s:6:\"0.1600\";}', 'a:3:{i:2;s:1:\"2\";i:19;s:1:\"3\";i:34;s:1:\"3\";}', 11, '0.7696'),
(51, '2023-07-10 12:52:37', 'a:3:{i:3;s:6:\"0.8400\";i:2;s:6:\"0.6672\";i:1;s:6:\"0.6000\";}', 'a:4:{i:1;s:1:\"3\";i:8;s:1:\"2\";i:10;s:1:\"1\";i:13;s:1:\"3\";}', 3, '0.8400'),
(52, '2023-07-10 12:52:37', 'a:7:{i:8;s:6:\"0.8000\";i:10;s:6:\"0.6400\";i:3;s:6:\"0.4800\";i:4;s:6:\"0.4800\";i:6;s:6:\"0.4800\";i:9;s:6:\"0.4800\";i:2;s:6:\"0.4000\";}', 'a:6:{i:5;s:1:\"4\";i:11;s:1:\"2\";i:16;s:1:\"2\";i:23;s:1:\"2\";i:29;s:1:\"3\";i:32;s:1:\"2\";}', 8, '0.8000'),
(53, '2023-07-10 12:52:37', 'a:3:{i:3;s:6:\"0.8720\";i:2;s:6:\"0.6000\";i:8;s:6:\"0.6000\";}', 'a:3:{i:5;s:1:\"3\";i:11;s:1:\"3\";i:13;s:1:\"2\";}', 3, '0.8720'),
(54, '2023-07-10 12:52:37', 'a:6:{i:5;s:6:\"0.6400\";i:1;s:6:\"0.4800\";i:2;s:6:\"0.3200\";i:6;s:6:\"0.3200\";i:8;s:6:\"0.2400\";i:10;s:6:\"0.2400\";}', 'a:5:{i:4;s:1:\"3\";i:6;s:1:\"4\";i:20;s:1:\"2\";i:21;s:1:\"3\";i:22;s:1:\"4\";}', 5, '0.6400'),
(55, '2023-07-10 12:52:37', 'a:3:{i:2;s:6:\"0.8000\";i:4;s:6:\"0.2400\";i:5;s:6:\"0.2400\";}', 'a:3:{i:5;s:1:\"2\";i:16;s:1:\"4\";i:19;s:1:\"4\";}', 2, '0.8000'),
(56, '2023-07-10 12:52:37', 'a:2:{i:4;s:6:\"0.8000\";i:2;s:6:\"0.3200\";}', 'a:2:{i:9;s:1:\"4\";i:17;s:1:\"2\";}', 4, '0.8000'),
(57, '2023-07-10 12:52:37', 'a:2:{i:9;s:6:\"0.8128\";i:10;s:6:\"0.3200\";}', 'a:3:{i:29;s:1:\"2\";i:30;s:1:\"3\";i:33;s:1:\"4\";}', 9, '0.8128'),
(58, '2023-07-10 12:52:37', 'a:2:{i:1;s:6:\"0.8000\";i:3;s:6:\"0.6000\";}', 'a:2:{i:3;s:1:\"1\";i:13;s:1:\"3\";}', 1, '0.8000'),
(59, '2023-07-10 12:52:37', 'a:7:{i:10;s:6:\"0.8960\";i:3;s:6:\"0.8000\";i:6;s:6:\"0.6976\";i:1;s:6:\"0.6464\";i:11;s:6:\"0.6400\";i:9;s:6:\"0.4800\";i:5;s:6:\"0.2400\";}', 'a:7:{i:2;s:1:\"2\";i:3;s:1:\"4\";i:13;s:1:\"2\";i:19;s:1:\"4\";i:22;s:1:\"2\";i:30;s:1:\"3\";i:33;s:1:\"1\";}', 10, '0.8960'),
(60, '2023-07-10 12:52:37', 'a:1:{i:3;s:6:\"0.6000\";}', 'a:1:{i:10;s:1:\"1\";}', 3, '0.6000'),
(61, '2023-07-10 12:52:37', 'a:6:{i:4;s:6:\"0.6400\";i:6;s:6:\"0.5424\";i:11;s:6:\"0.4800\";i:1;s:6:\"0.3600\";i:10;s:6:\"0.3600\";i:2;s:6:\"0.3200\";}', 'a:4:{i:2;s:1:\"3\";i:9;s:1:\"4\";i:15;s:1:\"2\";i:22;s:1:\"3\";}', 4, '0.6400'),
(62, '2023-07-10 12:52:37', 'a:2:{i:2;s:6:\"0.9712\";i:5;s:6:\"0.8000\";}', 'a:4:{i:5;s:1:\"3\";i:7;s:1:\"2\";i:9;s:1:\"1\";i:18;s:1:\"2\";}', 2, '0.9712'),
(63, '2023-07-10 12:52:37', 'a:3:{i:9;s:6:\"0.8000\";i:3;s:6:\"0.6880\";i:4;s:6:\"0.6400\";}', 'a:4:{i:12;s:1:\"2\";i:13;s:1:\"4\";i:15;s:1:\"2\";i:29;s:1:\"1\";}', 9, '0.8000'),
(64, '2023-07-10 12:52:37', 'a:5:{i:5;s:6:\"0.6000\";i:4;s:6:\"0.4800\";i:1;s:6:\"0.4000\";i:7;s:6:\"0.3200\";i:2;s:6:\"0.2400\";}', 'a:4:{i:1;s:1:\"4\";i:16;s:1:\"2\";i:18;s:1:\"3\";i:27;s:1:\"2\";}', 5, '0.6000'),
(65, '2023-07-10 12:52:37', 'a:4:{i:7;s:6:\"1.0000\";i:4;s:6:\"0.8000\";i:10;s:6:\"0.4800\";i:5;s:6:\"0.3600\";}', 'a:4:{i:17;s:1:\"2\";i:19;s:1:\"3\";i:25;s:1:\"1\";i:32;s:1:\"3\";}', 7, '1.0000'),
(66, '2023-07-10 12:52:37', 'a:4:{i:2;s:6:\"0.8000\";i:6;s:6:\"0.6400\";i:9;s:6:\"0.4800\";i:4;s:6:\"0.3200\";}', 'a:4:{i:5;s:1:\"2\";i:15;s:1:\"4\";i:22;s:1:\"2\";i:30;s:1:\"3\";}', 2, '0.8000'),
(67, '2023-07-10 12:52:37', 'a:4:{i:5;s:6:\"0.6400\";i:8;s:6:\"0.6000\";i:3;s:6:\"0.5904\";i:2;s:6:\"0.4800\";}', 'a:4:{i:8;s:1:\"2\";i:11;s:1:\"3\";i:12;s:1:\"3\";i:20;s:1:\"2\";}', 5, '0.6400'),
(68, '2023-07-10 12:52:37', 'a:3:{i:2;s:6:\"0.6000\";i:6;s:6:\"0.6000\";i:8;s:6:\"0.3600\";}', 'a:3:{i:5;s:1:\"3\";i:23;s:1:\"1\";i:28;s:1:\"3\";}', 2, '0.6000'),
(69, '2023-07-10 12:52:37', 'a:2:{i:1;s:6:\"0.4000\";i:2;s:6:\"0.2400\";}', 'a:1:{i:1;s:1:\"4\";}', 1, '0.4000'),
(70, '2023-07-10 12:52:37', 'a:2:{i:3;s:6:\"0.8669\";i:8;s:6:\"0.8000\";}', 'a:3:{i:10;s:1:\"1\";i:11;s:1:\"2\";i:12;s:1:\"3\";}', 3, '0.8669'),
(71, '2023-07-10 12:52:37', 'a:3:{i:4;s:6:\"0.8000\";i:3;s:6:\"0.4800\";i:8;s:6:\"0.4800\";}', 'a:3:{i:12;s:1:\"2\";i:17;s:1:\"2\";i:28;s:1:\"2\";}', 4, '0.8000'),
(72, '2023-07-10 12:52:37', 'a:3:{i:5;s:6:\"0.8128\";i:7;s:6:\"0.4000\";i:2;s:6:\"0.3200\";}', 'a:4:{i:6;s:1:\"4\";i:19;s:1:\"2\";i:20;s:1:\"2\";i:27;s:1:\"1\";}', 5, '0.8128'),
(73, '2023-07-10 12:52:37', 'a:7:{i:3;s:6:\"1.0000\";i:2;s:6:\"0.4800\";i:5;s:6:\"0.4800\";i:11;s:6:\"0.4800\";i:1;s:6:\"0.3600\";i:10;s:6:\"0.3600\";i:6;s:6:\"0.1200\";}', 'a:4:{i:2;s:1:\"3\";i:6;s:1:\"3\";i:13;s:1:\"1\";i:19;s:1:\"2\";}', 3, '1.0000'),
(74, '2023-07-10 12:52:37', 'a:4:{i:7;s:6:\"0.8000\";i:5;s:6:\"0.6000\";i:8;s:6:\"0.6000\";i:3;s:6:\"0.3600\";}', 'a:3:{i:11;s:1:\"3\";i:19;s:1:\"1\";i:25;s:1:\"2\";}', 7, '0.8000'),
(75, '2023-07-10 12:52:37', 'a:3:{i:4;s:6:\"1.0000\";i:6;s:6:\"0.6400\";i:2;s:6:\"0.4800\";}', 'a:3:{i:9;s:1:\"3\";i:17;s:1:\"1\";i:24;s:1:\"2\";}', 4, '1.0000'),
(76, '2023-07-10 12:52:37', 'a:2:{i:5;s:6:\"1.0000\";i:3;s:6:\"0.4800\";}', 'a:2:{i:14;s:1:\"2\";i:18;s:1:\"1\";}', 5, '1.0000'),
(77, '2023-07-10 12:52:37', 'a:3:{i:5;s:6:\"0.8640\";i:8;s:6:\"0.4000\";i:10;s:6:\"0.4000\";}', 'a:3:{i:18;s:1:\"2\";i:20;s:1:\"4\";i:21;s:1:\"1\";}', 5, '0.8640'),
(78, '2023-07-10 12:52:37', 'a:3:{i:2;s:6:\"0.8000\";i:11;s:6:\"0.6000\";i:10;s:6:\"0.4800\";}', 'a:3:{i:5;s:1:\"2\";i:31;s:1:\"2\";i:34;s:1:\"1\";}', 2, '0.8000'),
(79, '2023-07-10 12:52:37', 'a:3:{i:5;s:6:\"0.6960\";i:6;s:6:\"0.4800\";i:4;s:6:\"0.4000\";}', 'a:4:{i:17;s:1:\"4\";i:18;s:1:\"3\";i:19;s:1:\"4\";i:23;s:1:\"2\";}', 5, '0.6960'),
(80, '2023-07-10 12:52:37', 'a:7:{i:5;s:6:\"0.6960\";i:1;s:6:\"0.6000\";i:6;s:6:\"0.4800\";i:4;s:6:\"0.4000\";i:2;s:6:\"0.3600\";i:8;s:6:\"0.3600\";i:11;s:6:\"0.3600\";}', 'a:7:{i:1;s:1:\"3\";i:17;s:1:\"4\";i:18;s:1:\"3\";i:19;s:1:\"4\";i:23;s:1:\"2\";i:28;s:1:\"3\";i:34;s:1:\"3\";}', 5, '0.6960'),
(81, '2023-07-10 12:52:37', 'a:7:{i:5;s:6:\"0.6960\";i:1;s:6:\"0.6000\";i:6;s:6:\"0.4800\";i:4;s:6:\"0.4000\";i:2;s:6:\"0.3600\";i:8;s:6:\"0.3600\";i:11;s:6:\"0.3600\";}', 'a:7:{i:1;s:1:\"3\";i:17;s:1:\"4\";i:18;s:1:\"3\";i:19;s:1:\"4\";i:23;s:1:\"2\";i:28;s:1:\"3\";i:34;s:1:\"3\";}', 5, '0.6960'),
(82, '2023-07-10 12:52:37', 'a:3:{i:5;s:6:\"0.6000\";i:2;s:6:\"0.4800\";i:3;s:6:\"0.4800\";}', 'a:3:{i:8;s:1:\"2\";i:10;s:1:\"2\";i:19;s:1:\"1\";}', 5, '0.6000'),
(83, '2023-07-10 12:52:37', 'a:5:{i:3;s:6:\"0.6672\";i:9;s:6:\"0.6400\";i:10;s:6:\"0.6400\";i:5;s:6:\"0.6000\";i:2;s:6:\"0.4800\";}', 'a:6:{i:8;s:1:\"2\";i:10;s:1:\"2\";i:12;s:1:\"3\";i:19;s:1:\"1\";i:29;s:1:\"2\";i:33;s:1:\"2\";}', 3, '0.6672'),
(84, '2023-07-10 12:52:37', 'a:7:{i:3;s:6:\"0.9334\";i:4;s:6:\"0.8000\";i:9;s:6:\"0.6400\";i:10;s:6:\"0.6400\";i:2;s:6:\"0.6048\";i:5;s:6:\"0.6000\";i:1;s:6:\"0.4000\";}', 'a:9:{i:1;s:1:\"4\";i:8;s:1:\"2\";i:10;s:1:\"2\";i:12;s:1:\"3\";i:13;s:1:\"2\";i:15;s:1:\"1\";i:19;s:1:\"1\";i:29;s:1:\"2\";i:33;s:1:\"2\";}', 3, '0.9334'),
(85, '2023-07-10 12:52:37', 'a:8:{i:3;s:6:\"0.8669\";i:9;s:6:\"0.8128\";i:4;s:6:\"0.8000\";i:7;s:6:\"0.8000\";i:10;s:6:\"0.6400\";i:2;s:6:\"0.6048\";i:5;s:6:\"0.6000\";i:1;s:6:\"0.4000\";}', 'a:11:{i:1;s:1:\"4\";i:8;s:1:\"2\";i:10;s:1:\"2\";i:12;s:1:\"3\";i:13;s:1:\"3\";i:15;s:1:\"1\";i:19;s:1:\"1\";i:25;s:1:\"2\";i:29;s:1:\"2\";i:30;s:1:\"3\";i:33;s:1:\"2\";}', 3, '0.8669'),
(86, '2023-07-10 12:52:37', 'a:8:{i:3;s:6:\"0.8669\";i:2;s:6:\"0.8419\";i:9;s:6:\"0.8128\";i:4;s:6:\"0.8000\";i:7;s:6:\"0.8000\";i:1;s:6:\"0.6880\";i:10;s:6:\"0.6400\";i:5;s:6:\"0.6000\";}', 'a:13:{i:1;s:1:\"4\";i:4;s:1:\"3\";i:5;s:1:\"3\";i:8;s:1:\"2\";i:10;s:1:\"2\";i:12;s:1:\"3\";i:13;s:1:\"3\";i:15;s:1:\"1\";i:19;s:1:\"1\";i:25;s:1:\"2\";i:29;s:1:\"2\";i:30;s:1:\"3\";i:33;s:1:\"2\";}', 3, '0.8669'),
(87, '2023-07-10 12:52:37', 'a:8:{i:3;s:6:\"0.8669\";i:2;s:6:\"0.8419\";i:9;s:6:\"0.8128\";i:4;s:6:\"0.8000\";i:7;s:6:\"0.8000\";i:1;s:6:\"0.6880\";i:10;s:6:\"0.6400\";i:5;s:6:\"0.6000\";}', 'a:13:{i:1;s:1:\"4\";i:4;s:1:\"3\";i:5;s:1:\"3\";i:8;s:1:\"2\";i:10;s:1:\"2\";i:12;s:1:\"3\";i:13;s:1:\"3\";i:15;s:1:\"1\";i:19;s:1:\"1\";i:25;s:1:\"2\";i:29;s:1:\"2\";i:30;s:1:\"3\";i:33;s:1:\"2\";}', 3, '0.8669'),
(88, '2023-07-10 12:52:37', 'a:1:{i:2;s:6:\"0.3200\";}', 'a:1:{i:6;s:1:\"4\";}', 2, '0.3200'),
(89, '2023-07-10 12:52:37', 'a:1:{i:2;s:6:\"0.7737\";}', 'a:3:{i:6;s:1:\"4\";i:7;s:1:\"3\";i:8;s:1:\"3\";}', 2, '0.7737'),
(90, '2023-07-10 12:52:37', 'a:1:{i:2;s:6:\"0.7737\";}', 'a:3:{i:6;s:1:\"4\";i:7;s:1:\"3\";i:8;s:1:\"3\";}', 2, '0.7737'),
(91, '2023-07-10 12:52:37', 'a:2:{i:3;s:6:\"0.8720\";i:1;s:6:\"0.3200\";}', 'a:3:{i:3;s:1:\"4\";i:13;s:1:\"2\";i:14;s:1:\"3\";}', 3, '0.8720'),
(92, '2023-07-10 12:52:37', 'a:3:{i:8;s:6:\"0.8000\";i:3;s:6:\"0.4800\";i:2;s:6:\"0.3200\";}', 'a:3:{i:6;s:1:\"3\";i:7;s:1:\"5\";i:11;s:1:\"2\";}', 8, '0.8000'),
(93, '2023-07-10 12:52:37', 'a:1:{i:2;s:6:\"0.9251\";}', 'a:3:{i:5;s:1:\"3\";i:6;s:1:\"3\";i:7;s:1:\"2\";}', 2, '0.9251'),
(94, '2023-07-10 12:52:37', 'a:5:{i:2;s:6:\"0.9611\";i:1;s:6:\"0.9200\";i:11;s:6:\"0.8000\";i:10;s:6:\"0.6000\";i:6;s:6:\"0.2000\";}', 'a:5:{i:1;s:1:\"2\";i:2;s:1:\"1\";i:5;s:1:\"3\";i:6;s:1:\"3\";i:7;s:1:\"2\";}', 2, '0.9611'),
(95, '2023-07-10 12:52:37', 'a:2:{i:4;s:6:\"0.6400\";i:3;s:6:\"0.6000\";}', 'a:2:{i:13;s:1:\"3\";i:15;s:1:\"2\";}', 4, '0.6400'),
(96, '2023-07-10 12:52:37', 'a:4:{i:3;s:6:\"0.8000\";i:6;s:6:\"0.4800\";i:8;s:6:\"0.4000\";i:10;s:6:\"0.4000\";}', 'a:3:{i:13;s:1:\"2\";i:21;s:1:\"1\";i:22;s:1:\"3\";}', 3, '0.8000'),
(97, '2023-07-10 12:52:37', 'a:4:{i:10;s:6:\"0.6880\";i:7;s:6:\"0.6000\";i:6;s:6:\"0.4800\";i:8;s:6:\"0.4000\";}', 'a:4:{i:21;s:1:\"1\";i:24;s:1:\"3\";i:25;s:1:\"3\";i:31;s:1:\"2\";}', 10, '0.6880'),
(98, '2023-07-10 12:52:37', 'a:3:{i:4;s:6:\"0.8720\";i:10;s:6:\"0.4800\";i:7;s:6:\"0.2400\";}', 'a:4:{i:16;s:1:\"3\";i:17;s:1:\"2\";i:27;s:1:\"3\";i:32;s:1:\"3\";}', 4, '0.8720'),
(99, '2023-07-10 12:52:37', 'a:2:{i:3;s:6:\"0.4800\";i:4;s:6:\"0.4800\";}', 'a:2:{i:14;s:1:\"2\";i:16;s:1:\"2\";}', 3, '0.4800'),
(100, '2023-07-10 12:52:37', 'a:3:{i:10;s:6:\"0.6464\";i:11;s:6:\"0.3600\";i:8;s:6:\"0.3200\";}', 'a:3:{i:21;s:1:\"2\";i:31;s:1:\"2\";i:34;s:1:\"3\";}', 10, '0.6464'),
(101, '2023-07-10 12:52:37', 'a:2:{i:1;s:6:\"0.8000\";i:2;s:6:\"0.4800\";}', 'a:1:{i:1;s:1:\"2\";}', 1, '0.8000'),
(102, '2023-07-10 12:52:37', 'a:0:{}', 'a:1:{i:1;s:1:\"5\";}', 0, ''),
(103, '2023-07-10 12:52:37', 'a:0:{}', 'a:1:{i:1;s:1:\"6\";}', 0, ''),
(104, '2023-07-10 12:52:37', 'a:0:{}', 'a:1:{i:1;s:1:\"6\";}', 0, ''),
(105, '2023-07-10 12:52:37', 'a:0:{}', 'a:1:{i:1;s:1:\"6\";}', 0, ''),
(106, '2023-07-10 12:52:37', 'a:2:{i:1;s:6:\"0.2000\";i:2;s:6:\"0.1200\";}', 'a:1:{i:1;s:1:\"1\";}', 1, '0.2000'),
(107, '2023-07-10 12:52:37', 'a:0:{}', 'a:0:{}', 0, ''),
(108, '2023-07-10 12:52:37', 'a:2:{i:1;s:6:\"0.4000\";i:2;s:6:\"0.2400\";}', 'a:1:{i:1;s:1:\"2\";}', 1, '0.4000'),
(109, '2023-07-10 12:52:37', 'a:2:{i:1;s:6:\"0.6000\";i:2;s:6:\"0.3600\";}', 'a:1:{i:1;s:1:\"3\";}', 1, '0.6000'),
(110, '2023-07-10 12:52:37', 'a:2:{i:1;s:6:\"0.8000\";i:2;s:6:\"0.4800\";}', 'a:1:{i:1;s:1:\"4\";}', 1, '0.8000'),
(111, '2023-07-10 12:52:37', 'a:2:{i:1;s:6:\"1.0000\";i:2;s:6:\"0.6000\";}', 'a:1:{i:1;s:1:\"5\";}', 1, '1.0000'),
(112, '2023-07-10 12:52:37', 'a:0:{}', 'a:1:{i:1;s:1:\"1\";}', 0, ''),
(113, '2023-07-10 12:52:37', 'a:2:{i:1;s:6:\"1.0000\";i:2;s:6:\"0.6000\";}', 'a:1:{i:1;s:1:\"6\";}', 1, '1.0000'),
(114, '2023-07-10 12:52:37', 'a:2:{i:2;s:6:\"0.6960\";i:1;s:6:\"0.4960\";}', 'a:3:{i:1;s:1:\"3\";i:3;s:1:\"2\";i:5;s:1:\"4\";}', 2, '0.6960'),
(115, '2023-07-10 12:52:37', 'a:2:{i:1;s:6:\"0.5840\";i:2;s:6:\"0.2608\";}', 'a:3:{i:1;s:1:\"2\";i:3;s:1:\"4\";i:7;s:1:\"2\";}', 1, '0.5840'),
(116, '2023-07-10 12:52:37', 'a:7:{i:4;s:6:\"0.8000\";i:3;s:6:\"0.6672\";i:11;s:6:\"0.4800\";i:1;s:6:\"0.3600\";i:10;s:6:\"0.3600\";i:2;s:6:\"0.3200\";i:6;s:6:\"0.1200\";}', 'a:5:{i:2;s:1:\"4\";i:7;s:1:\"3\";i:10;s:1:\"4\";i:14;s:1:\"5\";i:17;s:1:\"5\";}', 4, '0.8000'),
(117, '2023-07-10 12:52:37', 'a:5:{i:1;s:6:\"0.7389\";i:11;s:6:\"0.4800\";i:10;s:6:\"0.3600\";i:2;s:6:\"0.2400\";i:6;s:6:\"0.1200\";}', 'a:3:{i:1;s:1:\"3\";i:2;s:1:\"4\";i:4;s:1:\"3\";}', 1, '0.7389'),
(118, '2023-07-10 12:52:37', 'a:2:{i:1;s:6:\"0.8560\";i:2;s:6:\"0.6160\";}', 'a:3:{i:1;s:1:\"4\";i:3;s:1:\"5\";i:5;s:1:\"3\";}', 1, '0.8560'),
(119, '2023-07-10 12:52:37', 'a:5:{i:1;s:6:\"0.6899\";i:11;s:6:\"0.3200\";i:2;s:6:\"0.2400\";i:10;s:6:\"0.2400\";i:6;s:6:\"0.0800\";}', 'a:3:{i:1;s:1:\"3\";i:2;s:1:\"3\";i:3;s:1:\"3\";}', 1, '0.6899'),
(120, '2023-07-10 12:52:37', 'a:5:{i:1;s:6:\"0.8784\";i:11;s:6:\"0.3200\";i:10;s:6:\"0.2400\";i:2;s:6:\"0.1200\";i:6;s:6:\"0.0800\";}', 'a:3:{i:1;s:1:\"2\";i:2;s:1:\"3\";i:3;s:1:\"6\";}', 1, '0.8784'),
(121, '2023-07-10 12:52:37', 'a:4:{i:1;s:6:\"0.4016\";i:11;s:6:\"0.1600\";i:10;s:6:\"0.1200\";i:6;s:6:\"0.0400\";}', 'a:3:{i:1;s:1:\"1\";i:2;s:1:\"2\";i:3;s:1:\"3\";}', 1, '0.4016'),
(122, '2023-07-10 12:52:37', 'a:5:{i:2;s:6:\"0.7264\";i:1;s:6:\"0.6899\";i:11;s:6:\"0.3200\";i:10;s:6:\"0.2400\";i:6;s:6:\"0.0800\";}', 'a:4:{i:1;s:1:\"3\";i:2;s:1:\"3\";i:3;s:1:\"3\";i:7;s:1:\"5\";}', 2, '0.7264'),
(123, '2023-07-10 12:52:37', 'a:1:{i:11;s:6:\"0.3600\";}', 'a:1:{i:34;s:1:\"4\";}', 11, '0.3600'),
(124, '2023-07-10 12:52:37', 'a:11:{i:2;s:6:\"0.9975\";i:1;s:6:\"0.9865\";i:3;s:6:\"0.9854\";i:10;s:6:\"0.9762\";i:4;s:6:\"0.9626\";i:5;s:6:\"0.9626\";i:7;s:6:\"0.9510\";i:6;s:6:\"0.9434\";i:8;s:6:\"0.9293\";i:11;s:6:\"0.9027\";i:9;s:6:\"0.8704\";}', 'a:35:{i:1;s:1:\"5\";i:2;s:1:\"5\";i:3;s:1:\"5\";i:4;s:1:\"5\";i:5;s:1:\"5\";i:6;s:1:\"5\";i:7;s:1:\"5\";i:8;s:1:\"5\";i:9;s:1:\"5\";i:10;s:1:\"5\";i:11;s:1:\"5\";i:12;s:1:\"5\";i:13;s:1:\"5\";i:14;s:1:\"5\";i:15;s:1:\"5\";i:16;s:1:\"5\";i:17;s:1:\"5\";i:18;s:1:\"5\";i:19;s:1:\"5\";i:20;s:1:\"5\";i:21;s:1:\"5\";i:22;s:1:\"5\";i:23;s:1:\"5\";i:24;s:1:\"5\";i:25;s:1:\"5\";i:26;s:1:\"5\";i:27;s:1:\"5\";i:28;s:1:\"5\";i:29;s:1:\"5\";i:30;s:1:\"5\";i:31;s:1:\"5\";i:32;s:1:\"5\";i:33;s:1:\"5\";i:34;s:1:\"5\";i:35;s:1:\"5\";}', 2, '0.9975'),
(125, '2023-07-10 12:52:37', 'a:5:{i:1;s:6:\"0.8170\";i:2;s:6:\"0.3600\";i:11;s:6:\"0.1600\";i:10;s:6:\"0.1200\";i:6;s:6:\"0.0400\";}', 'a:3:{i:1;s:1:\"4\";i:2;s:1:\"2\";i:3;s:1:\"4\";}', 1, '0.8170'),
(126, '2023-07-10 12:52:37', 'a:0:{}', 'a:0:{}', 0, ''),
(127, '2023-07-10 12:52:37', 'a:0:{}', 'a:0:{}', 0, ''),
(128, '2023-07-10 12:52:37', 'a:0:{}', 'a:0:{}', 0, ''),
(129, '2023-07-10 12:52:37', 'a:0:{}', 'a:0:{}', 0, ''),
(130, '2023-07-10 12:52:37', 'a:0:{}', 'a:0:{}', 0, ''),
(131, '2023-07-10 12:52:37', 'a:0:{}', 'a:0:{}', 0, ''),
(132, '2023-07-10 12:52:37', 'a:0:{}', 'a:0:{}', 0, ''),
(133, '2023-07-10 12:52:37', 'a:0:{}', 'a:0:{}', 0, ''),
(134, '2023-07-10 12:52:37', 'a:0:{}', 'a:0:{}', 0, ''),
(135, '2023-07-10 12:52:37', 'a:0:{}', 'a:0:{}', 0, ''),
(136, '2023-07-10 12:52:37', 'a:0:{}', 'a:0:{}', 0, ''),
(137, '2023-07-10 12:52:37', 'a:0:{}', 'a:0:{}', 0, ''),
(138, '2023-07-10 12:52:37', 'a:0:{}', 'a:0:{}', 0, ''),
(139, '2023-07-10 12:52:37', 'a:0:{}', 'a:0:{}', 0, ''),
(140, '2023-07-10 12:52:37', 'a:0:{}', 'a:0:{}', 0, ''),
(141, '2023-07-10 12:52:37', 'a:0:{}', 'a:0:{}', 0, ''),
(142, '2023-07-10 12:52:37', 'a:0:{}', 'a:0:{}', 0, ''),
(143, '2023-07-10 12:52:37', 'a:0:{}', 'a:0:{}', 0, ''),
(144, '2023-07-10 12:52:37', 'a:0:{}', 'a:35:{i:1;s:1:\"1\";i:2;s:1:\"1\";i:3;s:1:\"1\";i:4;s:1:\"1\";i:5;s:1:\"1\";i:6;s:1:\"1\";i:7;s:1:\"1\";i:8;s:1:\"1\";i:9;s:1:\"1\";i:10;s:1:\"3\";i:11;s:1:\"3\";i:12;s:1:\"3\";i:13;s:1:\"3\";i:14;s:1:\"3\";i:15;s:1:\"3\";i:16;s:1:\"3\";i:17;s:1:\"3\";i:18;s:1:\"3\";i:19;s:1:\"4\";i:20;s:1:\"4\";i:21;s:1:\"4\";i:22;s:1:\"5\";i:23;s:1:\"5\";i:24;s:1:\"6\";i:25;s:1:\"6\";i:26;s:1:\"6\";i:27;s:1:\"6\";i:28;s:1:\"6\";i:29;s:1:\"6\";i:30;s:1:\"6\";i:31;s:1:\"6\";i:32;s:1:\"6\";i:33;s:1:\"6\";i:34;s:1:\"6\";i:35;s:1:\"6\";}', 0, ''),
(145, '2023-07-10 12:52:37', 'a:0:{}', 'a:35:{i:1;s:1:\"1\";i:2;s:1:\"1\";i:3;s:1:\"1\";i:4;s:1:\"1\";i:5;s:1:\"1\";i:6;s:1:\"1\";i:7;s:1:\"1\";i:8;s:1:\"1\";i:9;s:1:\"1\";i:10;s:1:\"3\";i:11;s:1:\"3\";i:12;s:1:\"3\";i:13;s:1:\"3\";i:14;s:1:\"3\";i:15;s:1:\"3\";i:16;s:1:\"3\";i:17;s:1:\"3\";i:18;s:1:\"3\";i:19;s:1:\"4\";i:20;s:1:\"4\";i:21;s:1:\"4\";i:22;s:1:\"5\";i:23;s:1:\"5\";i:24;s:1:\"6\";i:25;s:1:\"6\";i:26;s:1:\"6\";i:27;s:1:\"6\";i:28;s:1:\"6\";i:29;s:1:\"6\";i:30;s:1:\"6\";i:31;s:1:\"6\";i:32;s:1:\"6\";i:33;s:1:\"6\";i:34;s:1:\"6\";i:35;s:1:\"6\";}', 0, ''),
(146, '2023-07-10 12:52:37', 'a:0:{}', 'a:35:{i:1;s:1:\"1\";i:2;s:1:\"1\";i:3;s:1:\"1\";i:4;s:1:\"1\";i:5;s:1:\"1\";i:6;s:1:\"1\";i:7;s:1:\"1\";i:8;s:1:\"1\";i:9;s:1:\"1\";i:10;s:1:\"3\";i:11;s:1:\"3\";i:12;s:1:\"3\";i:13;s:1:\"3\";i:14;s:1:\"3\";i:15;s:1:\"3\";i:16;s:1:\"3\";i:17;s:1:\"3\";i:18;s:1:\"3\";i:19;s:1:\"4\";i:20;s:1:\"4\";i:21;s:1:\"4\";i:22;s:1:\"5\";i:23;s:1:\"5\";i:24;s:1:\"6\";i:25;s:1:\"6\";i:26;s:1:\"6\";i:27;s:1:\"6\";i:28;s:1:\"6\";i:29;s:1:\"6\";i:30;s:1:\"6\";i:31;s:1:\"6\";i:32;s:1:\"6\";i:33;s:1:\"6\";i:34;s:1:\"6\";i:35;s:1:\"6\";}', 0, ''),
(147, '2023-07-10 12:52:37', 'a:0:{}', 'a:35:{i:1;s:1:\"1\";i:2;s:1:\"1\";i:3;s:1:\"1\";i:4;s:1:\"1\";i:5;s:1:\"1\";i:6;s:1:\"1\";i:7;s:1:\"1\";i:8;s:1:\"1\";i:9;s:1:\"1\";i:10;s:1:\"3\";i:11;s:1:\"3\";i:12;s:1:\"3\";i:13;s:1:\"3\";i:14;s:1:\"3\";i:15;s:1:\"3\";i:16;s:1:\"3\";i:17;s:1:\"3\";i:18;s:1:\"3\";i:19;s:1:\"4\";i:20;s:1:\"4\";i:21;s:1:\"4\";i:22;s:1:\"5\";i:23;s:1:\"5\";i:24;s:1:\"6\";i:25;s:1:\"6\";i:26;s:1:\"6\";i:27;s:1:\"6\";i:28;s:1:\"6\";i:29;s:1:\"6\";i:30;s:1:\"6\";i:31;s:1:\"6\";i:32;s:1:\"6\";i:33;s:1:\"6\";i:34;s:1:\"6\";i:35;s:1:\"6\";}', 0, ''),
(148, '2023-07-10 12:52:37', 'a:9:{i:3;s:6:\"0.9329\";i:5;s:6:\"0.9251\";i:6;s:6:\"0.9232\";i:4;s:6:\"0.8669\";i:8;s:6:\"0.7280\";i:2;s:6:\"0.6328\";i:1;s:6:\"0.5033\";i:10;s:6:\"0.4016\";i:11;s:6:\"0.1600\";}', 'a:35:{i:1;s:1:\"1\";i:2;s:1:\"1\";i:3;s:1:\"1\";i:4;s:1:\"1\";i:5;s:1:\"1\";i:6;s:1:\"1\";i:7;s:1:\"1\";i:8;s:1:\"1\";i:9;s:1:\"1\";i:10;s:1:\"3\";i:11;s:1:\"3\";i:12;s:1:\"3\";i:13;s:1:\"3\";i:14;s:1:\"3\";i:15;s:1:\"3\";i:16;s:1:\"3\";i:17;s:1:\"3\";i:18;s:1:\"3\";i:19;s:1:\"4\";i:20;s:1:\"4\";i:21;s:1:\"4\";i:22;s:1:\"5\";i:23;s:1:\"5\";i:24;s:1:\"6\";i:25;s:1:\"6\";i:26;s:1:\"6\";i:27;s:1:\"6\";i:28;s:1:\"6\";i:29;s:1:\"6\";i:30;s:1:\"6\";i:31;s:1:\"6\";i:32;s:1:\"6\";i:33;s:1:\"6\";i:34;s:1:\"6\";i:35;s:1:\"6\";}', 3, '0.9329'),
(149, '2023-07-10 12:52:37', 'a:11:{i:1;s:6:\"0.9226\";i:2;s:6:\"0.7330\";i:7;s:6:\"0.6909\";i:10;s:6:\"0.6344\";i:11;s:6:\"0.5973\";i:6;s:6:\"0.5577\";i:3;s:6:\"0.5202\";i:4;s:6:\"0.4086\";i:5;s:6:\"0.4086\";i:8;s:6:\"0.3523\";i:9;s:6:\"0.2944\";}', 'a:35:{i:1;s:1:\"3\";i:2;s:1:\"3\";i:3;s:1:\"4\";i:4;s:1:\"1\";i:5;s:1:\"1\";i:6;s:1:\"1\";i:7;s:1:\"1\";i:8;s:1:\"1\";i:9;s:1:\"1\";i:10;s:1:\"1\";i:11;s:1:\"1\";i:12;s:1:\"1\";i:13;s:1:\"1\";i:14;s:1:\"1\";i:15;s:1:\"1\";i:16;s:1:\"1\";i:17;s:1:\"1\";i:18;s:1:\"1\";i:19;s:1:\"1\";i:20;s:1:\"1\";i:21;s:1:\"1\";i:22;s:1:\"1\";i:23;s:1:\"1\";i:24;s:1:\"2\";i:25;s:1:\"3\";i:26;s:1:\"1\";i:27;s:1:\"1\";i:28;s:1:\"1\";i:29;s:1:\"1\";i:30;s:1:\"1\";i:31;s:1:\"1\";i:32;s:1:\"1\";i:33;s:1:\"1\";i:34;s:1:\"1\";i:35;s:1:\"1\";}', 1, '0.9226'),
(150, '2023-07-10 12:52:37', 'a:11:{i:1;s:6:\"0.9226\";i:2;s:6:\"0.7330\";i:7;s:6:\"0.6909\";i:10;s:6:\"0.6344\";i:11;s:6:\"0.5973\";i:6;s:6:\"0.5577\";i:3;s:6:\"0.5202\";i:4;s:6:\"0.4086\";i:5;s:6:\"0.4086\";i:8;s:6:\"0.3523\";i:9;s:6:\"0.2944\";}', 'a:35:{i:1;s:1:\"3\";i:2;s:1:\"3\";i:3;s:1:\"4\";i:4;s:1:\"1\";i:5;s:1:\"1\";i:6;s:1:\"1\";i:7;s:1:\"1\";i:8;s:1:\"1\";i:9;s:1:\"1\";i:10;s:1:\"1\";i:11;s:1:\"1\";i:12;s:1:\"1\";i:13;s:1:\"1\";i:14;s:1:\"1\";i:15;s:1:\"1\";i:16;s:1:\"1\";i:17;s:1:\"1\";i:18;s:1:\"1\";i:19;s:1:\"1\";i:20;s:1:\"1\";i:21;s:1:\"1\";i:22;s:1:\"1\";i:23;s:1:\"1\";i:24;s:1:\"2\";i:25;s:1:\"3\";i:26;s:1:\"1\";i:27;s:1:\"1\";i:28;s:1:\"1\";i:29;s:1:\"1\";i:30;s:1:\"1\";i:31;s:1:\"1\";i:32;s:1:\"1\";i:33;s:1:\"1\";i:34;s:1:\"1\";i:35;s:1:\"1\";}', 1, '0.9226'),
(151, '2023-07-10 12:52:37', 'a:11:{i:2;s:6:\"0.9659\";i:3;s:6:\"0.9368\";i:10;s:6:\"0.9356\";i:5;s:6:\"0.9210\";i:1;s:6:\"0.9060\";i:6;s:6:\"0.8748\";i:4;s:6:\"0.7837\";i:11;s:6:\"0.7071\";i:7;s:6:\"0.5968\";i:8;s:6:\"0.4624\";i:9;s:6:\"0.2944\";}', 'a:35:{i:1;s:1:\"2\";i:2;s:1:\"3\";i:3;s:1:\"2\";i:4;s:1:\"4\";i:5;s:1:\"3\";i:6;s:1:\"4\";i:7;s:1:\"2\";i:8;s:1:\"1\";i:9;s:1:\"3\";i:10;s:1:\"5\";i:11;s:1:\"6\";i:12;s:1:\"4\";i:13;s:1:\"3\";i:14;s:1:\"2\";i:15;s:1:\"3\";i:16;s:1:\"4\";i:17;s:1:\"1\";i:18;s:1:\"4\";i:19;s:1:\"2\";i:20;s:1:\"3\";i:21;s:1:\"2\";i:22;s:1:\"4\";i:23;s:1:\"2\";i:24;s:1:\"3\";i:25;s:1:\"1\";i:26;s:1:\"1\";i:27;s:1:\"5\";i:28;s:1:\"3\";i:29;s:1:\"1\";i:30;s:1:\"1\";i:31;s:1:\"3\";i:32;s:1:\"4\";i:33;s:1:\"3\";i:34;s:1:\"3\";i:35;s:1:\"1\";}', 2, '0.9659'),
(152, '2023-07-10 12:52:37', 'a:11:{i:2;s:6:\"1.0000\";i:5;s:6:\"1.0000\";i:7;s:6:\"0.9600\";i:1;s:6:\"0.8862\";i:9;s:6:\"0.8704\";i:3;s:6:\"0.8699\";i:4;s:6:\"0.8560\";i:10;s:6:\"0.7666\";i:8;s:6:\"0.7312\";i:6;s:6:\"0.6946\";i:11;s:6:\"0.6692\";}', 'a:35:{i:1;s:1:\"1\";i:2;s:1:\"2\";i:3;s:1:\"3\";i:4;s:1:\"4\";i:5;s:1:\"5\";i:6;s:1:\"6\";i:7;s:1:\"5\";i:8;s:1:\"4\";i:9;s:1:\"3\";i:10;s:1:\"2\";i:11;s:1:\"1\";i:12;s:1:\"2\";i:13;s:1:\"3\";i:14;s:1:\"3\";i:15;s:1:\"4\";i:16;s:1:\"5\";i:17;s:1:\"6\";i:18;s:1:\"5\";i:19;s:1:\"4\";i:20;s:1:\"3\";i:21;s:1:\"2\";i:22;s:1:\"1\";i:23;s:1:\"2\";i:24;s:1:\"3\";i:25;s:1:\"4\";i:26;s:1:\"5\";i:27;s:1:\"6\";i:28;s:1:\"5\";i:29;s:1:\"4\";i:30;s:1:\"4\";i:31;s:1:\"3\";i:32;s:1:\"2\";i:33;s:1:\"1\";i:34;s:1:\"2\";i:35;s:1:\"3\";}', 2, '1.0000'),
(153, '2023-07-10 12:52:37', 'a:11:{i:2;s:6:\"0.9525\";i:5;s:6:\"0.9251\";i:6;s:6:\"0.8559\";i:4;s:6:\"0.8419\";i:3;s:6:\"0.8314\";i:7;s:6:\"0.7933\";i:10;s:6:\"0.7402\";i:8;s:6:\"0.7389\";i:1;s:6:\"0.6527\";i:9;s:6:\"0.6464\";i:11;s:6:\"0.6072\";}', 'a:35:{i:1;s:1:\"1\";i:2;s:1:\"2\";i:3;s:1:\"2\";i:4;s:1:\"1\";i:5;s:1:\"2\";i:6;s:1:\"3\";i:7;s:1:\"3\";i:8;s:1:\"3\";i:9;s:1:\"3\";i:10;s:1:\"2\";i:11;s:1:\"2\";i:12;s:1:\"2\";i:13;s:1:\"2\";i:14;s:1:\"3\";i:15;s:1:\"3\";i:16;s:1:\"2\";i:17;s:1:\"3\";i:18;s:1:\"3\";i:19;s:1:\"4\";i:20;s:1:\"4\";i:21;s:1:\"4\";i:22;s:1:\"4\";i:23;s:1:\"3\";i:24;s:1:\"2\";i:25;s:1:\"3\";i:26;s:1:\"2\";i:27;s:1:\"3\";i:28;s:1:\"3\";i:29;s:1:\"3\";i:30;s:1:\"2\";i:31;s:1:\"1\";i:32;s:1:\"1\";i:33;s:1:\"2\";i:34;s:1:\"2\";i:35;s:1:\"2\";}', 2, '0.9525'),
(154, '2023-07-10 12:52:37', 'a:11:{i:10;s:6:\"0.9678\";i:11;s:6:\"0.8912\";i:2;s:6:\"0.7594\";i:1;s:6:\"0.6527\";i:9;s:6:\"0.6464\";i:3;s:6:\"0.5202\";i:6;s:6:\"0.4287\";i:4;s:6:\"0.4086\";i:5;s:6:\"0.4086\";i:7;s:6:\"0.3818\";i:8;s:6:\"0.3523\";}', 'a:35:{i:1;s:1:\"1\";i:2;s:1:\"2\";i:3;s:1:\"2\";i:4;s:1:\"1\";i:5;s:1:\"1\";i:6;s:1:\"2\";i:7;s:1:\"2\";i:8;s:1:\"1\";i:9;s:1:\"1\";i:10;s:1:\"1\";i:11;s:1:\"1\";i:12;s:1:\"1\";i:13;s:1:\"1\";i:14;s:1:\"1\";i:15;s:1:\"1\";i:16;s:1:\"1\";i:17;s:1:\"1\";i:18;s:1:\"1\";i:19;s:1:\"1\";i:20;s:1:\"1\";i:21;s:1:\"1\";i:22;s:1:\"1\";i:23;s:1:\"1\";i:24;s:1:\"1\";i:25;s:1:\"1\";i:26;s:1:\"1\";i:27;s:1:\"1\";i:28;s:1:\"1\";i:29;s:1:\"2\";i:30;s:1:\"3\";i:31;s:1:\"3\";i:32;s:1:\"4\";i:33;s:1:\"5\";i:34;s:1:\"5\";i:35;s:1:\"5\";}', 10, '0.9678'),
(155, '2023-07-10 12:52:37', 'a:11:{i:3;s:6:\"1.0000\";i:5;s:6:\"1.0000\";i:8;s:6:\"1.0000\";i:4;s:6:\"0.9712\";i:1;s:6:\"0.9631\";i:10;s:6:\"0.9388\";i:2;s:6:\"0.9284\";i:9;s:6:\"0.9280\";i:7;s:6:\"0.9021\";i:6;s:6:\"0.8733\";i:11;s:6:\"0.8269\";}', 'a:35:{i:1;s:1:\"1\";i:2;s:1:\"3\";i:3;s:1:\"4\";i:4;s:1:\"5\";i:5;s:1:\"6\";i:6;s:1:\"2\";i:7;s:1:\"5\";i:8;s:1:\"1\";i:9;s:1:\"2\";i:10;s:1:\"4\";i:11;s:1:\"5\";i:12;s:1:\"6\";i:13;s:1:\"5\";i:14;s:1:\"4\";i:15;s:1:\"4\";i:16;s:1:\"5\";i:17;s:1:\"4\";i:18;s:1:\"5\";i:19;s:1:\"4\";i:20;s:1:\"5\";i:21;s:1:\"4\";i:22;s:1:\"6\";i:23;s:1:\"5\";i:24;s:1:\"4\";i:25;s:1:\"3\";i:26;s:1:\"4\";i:27;s:1:\"4\";i:28;s:1:\"5\";i:29;s:1:\"4\";i:30;s:1:\"5\";i:31;s:1:\"4\";i:32;s:1:\"3\";i:33;s:1:\"3\";i:34;s:1:\"4\";i:35;s:1:\"3\";}', 3, '1.0000'),
(156, '2023-07-10 12:52:37', 'a:11:{i:2;s:6:\"1.0000\";i:3;s:6:\"0.9874\";i:10;s:6:\"0.9751\";i:1;s:6:\"0.9516\";i:5;s:6:\"0.9130\";i:7;s:6:\"0.8704\";i:11;s:6:\"0.8480\";i:6;s:6:\"0.8336\";i:4;s:6:\"0.8000\";i:8;s:6:\"0.5920\";i:9;s:6:\"0.4288\";}', 'a:35:{i:1;s:1:\"3\";i:2;s:1:\"5\";i:3;s:1:\"1\";i:4;s:1:\"4\";i:5;s:1:\"5\";i:6;s:1:\"6\";i:7;s:1:\"5\";i:8;s:1:\"4\";i:9;s:1:\"3\";i:10;s:1:\"5\";i:11;s:1:\"2\";i:12;s:1:\"4\";i:13;s:1:\"4\";i:14;s:1:\"5\";i:15;s:1:\"5\";i:16;s:1:\"6\";i:17;s:1:\"6\";i:18;s:1:\"4\";i:19;s:1:\"3\";i:20;s:1:\"2\";i:21;s:1:\"4\";i:22;s:1:\"3\";i:23;s:1:\"5\";i:24;s:1:\"6\";i:25;s:1:\"2\";i:26;s:1:\"4\";i:27;s:1:\"5\";i:28;s:1:\"6\";i:29;s:1:\"1\";i:30;s:1:\"2\";i:31;s:1:\"1\";i:32;s:1:\"3\";i:33;s:1:\"5\";i:34;s:1:\"6\";i:35;s:1:\"2\";}', 2, '1.0000'),
(157, '2024-01-17 15:50:13', 'a:11:{i:2;s:6:\"0.8738\";i:3;s:6:\"0.7998\";i:1;s:6:\"0.7189\";i:4;s:6:\"0.6899\";i:5;s:6:\"0.6899\";i:10;s:6:\"0.6791\";i:6;s:6:\"0.6767\";i:8;s:6:\"0.5565\";i:11;s:6:\"0.5452\";i:7;s:6:\"0.3818\";i:9;s:6:\"0.2944\";}', 'a:35:{i:1;s:1:\"1\";i:2;s:1:\"2\";i:3;s:1:\"2\";i:4;s:1:\"2\";i:5;s:1:\"2\";i:6;s:1:\"2\";i:7;s:1:\"2\";i:8;s:1:\"2\";i:9;s:1:\"2\";i:10;s:1:\"2\";i:11;s:1:\"2\";i:12;s:1:\"2\";i:13;s:1:\"2\";i:14;s:1:\"2\";i:15;s:1:\"2\";i:16;s:1:\"2\";i:17;s:1:\"2\";i:18;s:1:\"2\";i:19;s:1:\"2\";i:20;s:1:\"2\";i:21;s:1:\"2\";i:22;s:1:\"2\";i:23;s:1:\"2\";i:24;s:1:\"2\";i:25;s:1:\"1\";i:26;s:1:\"1\";i:27;s:1:\"1\";i:28;s:1:\"1\";i:29;s:1:\"1\";i:30;s:1:\"1\";i:31;s:1:\"1\";i:32;s:1:\"1\";i:33;s:1:\"2\";i:34;s:1:\"1\";i:35;s:1:\"2\";}', 2, '0.8738'),
(158, '2024-01-17 15:56:25', 'a:11:{i:2;s:6:\"0.8738\";i:3;s:6:\"0.7998\";i:1;s:6:\"0.7189\";i:4;s:6:\"0.6899\";i:5;s:6:\"0.6899\";i:10;s:6:\"0.6791\";i:6;s:6:\"0.6767\";i:8;s:6:\"0.5565\";i:11;s:6:\"0.5452\";i:7;s:6:\"0.3818\";i:9;s:6:\"0.2944\";}', 'a:35:{i:1;s:1:\"1\";i:2;s:1:\"2\";i:3;s:1:\"2\";i:4;s:1:\"2\";i:5;s:1:\"2\";i:6;s:1:\"2\";i:7;s:1:\"2\";i:8;s:1:\"2\";i:9;s:1:\"2\";i:10;s:1:\"2\";i:11;s:1:\"2\";i:12;s:1:\"2\";i:13;s:1:\"2\";i:14;s:1:\"2\";i:15;s:1:\"2\";i:16;s:1:\"2\";i:17;s:1:\"2\";i:18;s:1:\"2\";i:19;s:1:\"2\";i:20;s:1:\"2\";i:21;s:1:\"2\";i:22;s:1:\"2\";i:23;s:1:\"2\";i:24;s:1:\"2\";i:25;s:1:\"1\";i:26;s:1:\"1\";i:27;s:1:\"1\";i:28;s:1:\"1\";i:29;s:1:\"1\";i:30;s:1:\"1\";i:31;s:1:\"1\";i:32;s:1:\"1\";i:33;s:1:\"2\";i:34;s:1:\"1\";i:35;s:1:\"2\";}', 2, '0.8738'),
(159, '2024-01-17 15:56:40', 'a:11:{i:2;s:6:\"0.7771\";i:10;s:6:\"0.7229\";i:1;s:6:\"0.7189\";i:4;s:6:\"0.6899\";i:5;s:6:\"0.6899\";i:3;s:6:\"0.5857\";i:6;s:6:\"0.5376\";i:11;s:6:\"0.4734\";i:9;s:6:\"0.4288\";i:8;s:6:\"0.4086\";i:7;s:6:\"0.3818\";}', 'a:35:{i:1;s:1:\"1\";i:2;s:1:\"2\";i:3;s:1:\"2\";i:4;s:1:\"2\";i:5;s:1:\"2\";i:6;s:1:\"2\";i:7;s:1:\"1\";i:8;s:1:\"1\";i:9;s:1:\"1\";i:10;s:1:\"1\";i:11;s:1:\"1\";i:12;s:1:\"1\";i:13;s:1:\"1\";i:14;s:1:\"2\";i:15;s:1:\"2\";i:16;s:1:\"2\";i:17;s:1:\"2\";i:18;s:1:\"2\";i:19;s:1:\"2\";i:20;s:1:\"2\";i:21;s:1:\"2\";i:22;s:1:\"2\";i:23;s:1:\"1\";i:24;s:1:\"1\";i:25;s:1:\"1\";i:26;s:1:\"1\";i:27;s:1:\"1\";i:28;s:1:\"1\";i:29;s:1:\"1\";i:30;s:1:\"2\";i:31;s:1:\"2\";i:32;s:1:\"2\";i:33;s:1:\"1\";i:34;s:1:\"1\";i:35;s:1:\"1\";}', 2, '0.7771'),
(160, '2024-01-17 15:59:53', 'a:11:{i:2;s:6:\"0.7771\";i:10;s:6:\"0.7229\";i:1;s:6:\"0.7189\";i:4;s:6:\"0.6899\";i:5;s:6:\"0.6899\";i:3;s:6:\"0.5857\";i:6;s:6:\"0.5376\";i:11;s:6:\"0.4734\";i:9;s:6:\"0.4288\";i:8;s:6:\"0.4086\";i:7;s:6:\"0.3818\";}', 'a:35:{i:1;s:1:\"1\";i:2;s:1:\"2\";i:3;s:1:\"2\";i:4;s:1:\"2\";i:5;s:1:\"2\";i:6;s:1:\"2\";i:7;s:1:\"1\";i:8;s:1:\"1\";i:9;s:1:\"1\";i:10;s:1:\"1\";i:11;s:1:\"1\";i:12;s:1:\"1\";i:13;s:1:\"1\";i:14;s:1:\"2\";i:15;s:1:\"2\";i:16;s:1:\"2\";i:17;s:1:\"2\";i:18;s:1:\"2\";i:19;s:1:\"2\";i:20;s:1:\"2\";i:21;s:1:\"2\";i:22;s:1:\"2\";i:23;s:1:\"1\";i:24;s:1:\"1\";i:25;s:1:\"1\";i:26;s:1:\"1\";i:27;s:1:\"1\";i:28;s:1:\"1\";i:29;s:1:\"1\";i:30;s:1:\"2\";i:31;s:1:\"2\";i:32;s:1:\"2\";i:33;s:1:\"1\";i:34;s:1:\"1\";i:35;s:1:\"1\";}', 2, '0.7771'),
(161, '2024-01-17 16:00:10', 'a:11:{i:3;s:6:\"0.7998\";i:1;s:6:\"0.7891\";i:10;s:6:\"0.7757\";i:2;s:6:\"0.6829\";i:8;s:6:\"0.6170\";i:11;s:6:\"0.6072\";i:6;s:6:\"0.6006\";i:5;s:6:\"0.5866\";i:9;s:6:\"0.5376\";i:4;s:6:\"0.4086\";i:7;s:6:\"0.3818\";}', 'a:35:{i:1;s:1:\"2\";i:2;s:1:\"2\";i:3;s:1:\"2\";i:4;s:1:\"2\";i:5;s:1:\"1\";i:6;s:1:\"1\";i:7;s:1:\"1\";i:8;s:1:\"1\";i:9;s:1:\"1\";i:10;s:1:\"2\";i:11;s:1:\"2\";i:12;s:1:\"2\";i:13;s:1:\"2\";i:14;s:1:\"2\";i:15;s:1:\"1\";i:16;s:1:\"1\";i:17;s:1:\"1\";i:18;s:1:\"1\";i:19;s:1:\"2\";i:20;s:1:\"2\";i:21;s:1:\"2\";i:22;s:1:\"2\";i:23;s:1:\"2\";i:24;s:1:\"1\";i:25;s:1:\"1\";i:26;s:1:\"1\";i:27;s:1:\"1\";i:28;s:1:\"2\";i:29;s:1:\"2\";i:30;s:1:\"2\";i:31;s:1:\"2\";i:32;s:1:\"2\";i:33;s:1:\"2\";i:34;s:1:\"2\";i:35;s:1:\"2\";}', 3, '0.7998');

-- --------------------------------------------------------

--
-- Table structure for table `kondisi`
--

CREATE TABLE `kondisi` (
  `id` int(64) NOT NULL,
  `kondisi` varchar(255) NOT NULL
) ENGINE=InnoDB DEFAULT CHARSET=utf8mb4 COLLATE=utf8mb4_general_ci;

--
-- Dumping data for table `kondisi`
--

INSERT INTO `kondisi` (`id`, `kondisi`) VALUES
(1, 'Ya'),
(2, 'Tidak');

-- --------------------------------------------------------

--
-- Table structure for table `penyakit`
--

CREATE TABLE `penyakit` (
  `kode_penyakit` int(11) NOT NULL,
  `nama_penyakit` varchar(50) NOT NULL,
  `det_penyakit` varchar(500) NOT NULL,
  `srn_penyakit` varchar(500) NOT NULL,
  `gambar` varchar(500) NOT NULL
) ENGINE=MyISAM DEFAULT CHARSET=latin1 COLLATE=latin1_swedish_ci ROW_FORMAT=DYNAMIC;

--
-- Dumping data for table `penyakit`
--

INSERT INTO `penyakit` (`kode_penyakit`, `nama_penyakit`, `det_penyakit`, `srn_penyakit`, `gambar`) VALUES
(1, 'Ringworm', '', 'Pemberian antijamur topikal jika infeksi masih tergolong ringan dengan menggunakan cream atau penggunaan medicated shampoo yang mengandung antijamur atau sulfur. Pengobatan secara topikal dengan syarat harus mencukur rambut di area lesi agar obat dapat langsung mengenai kulit. Sebelumnya dioleskan obat topikal, terlebih dahulu kerak pada lesi dibersihkan dengan antiseptik.\r\nPada kasus yang berat penggunaan antijamur diberikan baik secara topikal (cream, obat oles, shampoo) maupun oral (Itraconaz', '01 Ringworm.jpg'),
(2, 'Scabies (Kudis Anjing)', '', '1.	Cuci dan bersihkan alat-alat grooming seperti sikat, sisir, kandang, semua peralatan dan tempat yang sering digunakan anjing. \r\n2.	Hindari tempat grooming atau penitipan hewan yang tidak mempunyai kebersihan yang cukup baik. \r\n3.	Mandikan anjing dengan shampo yang mengandung zat sulfur seperti lime sulfur atau sebasol.\r\n4.	Oleskan salep yang mempunyai kandungan permethrin, petrolatum, triamcolone, dermatech dan gamexane. \r\n5.	Berikan injeksi atau suntik anti scabies, yang hanya dapat ditangan', '02 Scabies.jpg'),
(3, 'Alergic Dhermatitis (Alergi Kulit)', '', '1.	Cuci dan bersihkan alat-alat grooming seperti sikat, sisir, kandang, semua peralatan dan tempat yang sering digunakan anjing. \r\n2.	Hindari tempat grooming atau penitipan hewan yang tidak mempunyai kebersihan yang cukup baik. \r\n3.	Mandikan anjing dengan shampo yang mengandung zat sulfur seperti lime sulfur atau sebasol. \r\n4.	Oleskan salep yang mempunyai kandungan dermatech, ketoconazole, dan miconazole. \r\n5.	Berikan injeksi atau suntik yang hanya dapat ditangani oleh dokter hewan.\r\n', '03 Alergic Dhermatitis.jpg'),
(4, 'Stud Tail (Kelenjar pada ekor anjing', '', 'Cara mengatasi permasalahan ini adalah dengan mencuci lebih sering bagian yang terjangkit dengan sampo anjing yang mengandung zat tertentu untuk mengurangi produksi minyak berlebih pada anjing tersebut.', '04 Stud Tail.jpg'),
(5, 'Cat Lice (kutu anjing atau pijal)', '', '1.	Siapkan Minyak VCO Dan propolis.\r\n2.	Oleskan pada area infeksi.\r\n3.	Tambahkan tetesan Propolis setelahnya.\r\n4.	Lalu oleskan agar merata\r\n5.	Bila tidak kunjung sembuh, berikan suntikan anti parasit.\r\n', '05 Cat Lice.jpg'),
(6, 'Feline Acne (Jerawat Anjing)', '', 'Disarankan untuk selalu mebersihkan tempat makanan anjing agar peliharaan anda terhindar dari penyakit kulit jenis ini. Gunakan berbagai suplemen anjing yang memiliki kandungan omega 6 atau omega 3 untuk proses penyembuhan. Dan jangan menggunakan sampo anjing yang memiliki kandungan zat berbahaya.', '06 Feline Acne.png'),
(7, 'Ear Mite (Kutu Telinga)', '', 'Pengobatannya bisa dilakukan dengan obat tetes dan dibersihkan dengan cotton bud. Penyakit ini tergolong menular antaranjing, sehingga pengobatannya lebih baik dilakukan secara terpisah.', '07 Ear Mite.jpg'),
(8, 'Abses', '', 'Terapi antibiotik yang tepat merupakan komponen penting dari keberhasilan pengobatan abses, di mana pun lokasinya. Antibiotik akan dipilih berdasarkan bakteri yang terlibat, dan lamanya pengobatan akan tergantung pada bakteri dan lokasi abses. Dokter hewan biasanya akan merekomendasikan agar sampel nanah dikirim ke laboratorium rujukan untuk dibiakkan sehingga bakteri yang terlibat dapat diidentifikasi dan antibiotik yang sesuai dapat dipilih.\r\nPenting untuk memberikan antibiotik pada anjing sel', '08 Abses.jpg'),
(9, 'Eosinophilic Granuloma (Borok)', '', '1.	Siapkan VCO dan Propolis\r\n2.	Oleskan VCO untuk membersihkan kerak hasil infeksi\r\n3.	Tunggu beberapa saat\r\n4.	Oleskan Propolis\r\n', '09 Eosinophilic Granuloma.jpg'),
(10, 'Infeksi Jamur', '', 'Berikan obat oral dan lakukan pembersihan dengan beberapa jenis minyak essensial', '10 Infeksi Jamur.jpg'),
(11, 'Ketombe', '', 'Memberikan suplemen tambahan seperti X trabloom wate dan minyak ikan\r\nLakukan pemandian rutin anjing dalam kurun waktu sebulan sekali dengan sebazole dan sampo anti jamur\r\n', '11 Ketombe.jpg');

--
-- Indexes for dumped tables
--

--
-- Indexes for table `admin`
--
ALTER TABLE `admin`
  ADD PRIMARY KEY (`username`) USING BTREE;

--
-- Indexes for table `basis_pengetahuan`
--
ALTER TABLE `basis_pengetahuan`
  ADD PRIMARY KEY (`kode_pengetahuan`) USING BTREE;

--
-- Indexes for table `gejala`
--
ALTER TABLE `gejala`
  ADD PRIMARY KEY (`kode_gejala`) USING BTREE;

--
-- Indexes for table `hasil`
--
ALTER TABLE `hasil`
  ADD PRIMARY KEY (`id_hasil`) USING BTREE;

--
-- Indexes for table `kondisi`
--
ALTER TABLE `kondisi`
  ADD PRIMARY KEY (`id`);

--
-- AUTO_INCREMENT for dumped tables
--

--
-- AUTO_INCREMENT for table `hasil`
--
ALTER TABLE `hasil`
  MODIFY `id_hasil` int(11) NOT NULL AUTO_INCREMENT, AUTO_INCREMENT=162;

--
-- AUTO_INCREMENT for table `kondisi`
--
ALTER TABLE `kondisi`
  MODIFY `id` int(64) NOT NULL AUTO_INCREMENT, AUTO_INCREMENT=3;
COMMIT;

/*!40101 SET CHARACTER_SET_CLIENT=@OLD_CHARACTER_SET_CLIENT */;
/*!40101 SET CHARACTER_SET_RESULTS=@OLD_CHARACTER_SET_RESULTS */;
/*!40101 SET COLLATION_CONNECTION=@OLD_COLLATION_CONNECTION */;
